;;;;;;;;;;;;;;;;;;;;;;;;;;;;;;;;;;;;;;;;;;;;;;;;;;;;;;;;;;;;;;;;;;;;;;;;;;;;
;;;;;;;;;;;;;;;;;;;;;;;;;;;;;;;;;;;;;;;;;;;;;;;;;;;;;;;;;;;;;;;;;;;;;;;;;;;;
;;;;;;;;;;;;;;;;;;;;;;;;;;;;;;;;;;;;;;;;;;;;;;;;;;;;;;;;;;;;;;;;;;;;;;;;;;;;
;RUSSIAN FLAT PRODUCTS;;;;;;Q1 2016;Q2 2016;Q3 2016;Q4 2016;Q1 2017;Q2 2017;Q3 2017;Q4 2017;Q1 2018;Q2 2018;Q3 2018;Q4 2018;Q1 2019;Q2 2019;Q3 2019;Q4 2019;Q1 2020;Q2 2020;Q3 2020;Q4 2020;Q1 2021;Q2 2021;Q3 2021;Q4 2021;;2014;2015;Q1 2016;H1 2016;9M 2016;2016;Q1 2017;H1 2017;9M 2017;2017;Q1 2018;H1 2018;9M 2018;2018;Q1 2019;H1 2019;9M 2019;2019;Q1 2020;H1 2020;9M 2020;2020;Q1 2021;H1 2021;9M 2021;2021;;;;;;;;;;;;;;;;;;;
;;;;;;;;;;;;;;;;;;;;;;;;;;;;;;;;;;;;;;;;;;;;;;;;;;;;;;;;;;;;;;;;;;;;;;;;;;;;
;;;;;;;;;;;;;;;;;;;;;;;;;;;;;;;;;;;;;;;;;;;;;;;;;;;;;;;;;;;;;;;;;;;;;;;;;;;;
;SEGMENT SALES;;;;;;;;;;;;;;;;;;;;;;;;;;;;;;;;;;;;;;;;;;;;;;;;;;;;;;;;;;;;;;;;;;;;;;;;;;;
;;;;;;;;;;;;;;;;;;;;;;;;;;;;;;;;;;;;;;;;;;;;;;;;;;;;;;;;;;;;;;;;;;;;;;;;;;;;
;;TOTAL SALES;;kT;;;3 242;3 251;3 302;2 896;3 069;3 328;3 425;3 229;3 338;3 433;3 189;3 557;3 403;3 055;2 776;3 226;3 469;3 432;3 281;3 172;2 997;3 527;2 983;3 675;;12 260;13 029;3 242;6 493;9 795;12 691;3 069;6 397;9 822;13 051;3 338;6 770;9 959;13 516;3 403;6 458;9 234;12 460;3 469;6 902;10 182;13 355;2 997;6 524;9 507;13 181;;;;;;;;;;;;;;;;;;;
;;;;;;;;;;;;;;;;;;;;;;;;;;;;;;;;;;;;;;;;;;;;;;;;;;;;;;;;;;;;;;;;;;;;;;;;;;;;
;;;Pig iron;kT;;;150;94;105;86;56;59;178;143;260;205;145;297;47;156;54;253;292;368;389;437;32;134;249;202;;264;683;150;244;349;435;56;114;292;435;260;465;610;907;47;203;257;510;292;659;1 048;1 485;32;166;415;617;;;;;;;;;;;;;;;;;;;
;;;Slabs;kT;;;1 625;1 705;1 632;1 605;1 651;1 659;1 706;1 712;1 823;1 750;1 585;1 902;1 852;1 510;1 290;1 497;1 665;1 571;1 314;1 229;1 514;2 014;1 363;1 742;;6 489;6 834;1 625;3 330;4 963;6 567;1 651;3 310;5 016;6 728;1 823;3 573;5 158;7 060;1 852;3 362;4 651;6 148;1 665;3 236;4 550;5 779;1 514;3 529;4 891;6 634;;;;;;;;;;;;;;;;;;;
;;;Hot-rolled steel;kT;;;747;618;730;504;651;751;659;595;514;666;567;556;686;588;563;669;641;764;680;701;666;607;693;802;;2 406;2 510;747;1 365;2 095;2 599;651;1 402;2 061;2 656;514;1 181;1 748;2 304;686;1 274;1 837;2 506;641;1 405;2 085;2 785;666;1 274;1 967;2 769;;;;;;;;;;;;;;;;;;;
;;;Other metal products**;kT;;;;;;-;;;;-;;;;-;;;;-;-;-;-;-;-;-;29;7;;-;-;;;;-;-;-;-;-;-;-;-;-;;;;-;-;-;-;-;-;-;29;36;;;;;;;;;;;;;;;;;;;
;;;High value added products:;kT;;;719;835;834;701;712;859;881;779;741;811;893;801;818;802;869;806;871;730;898;806;784;771;649;922;;3 100;3 002;719;1 554;2 388;3 089;712;1 571;2 452;3 231;741;1 552;2 444;3 246;818;1 620;2 489;3 296;871;1 601;2 500;3 306;784;1 555;2 204;3 126;;;;;;;;;;;;;;;;;;;
;;;Cold-rolled steel;kT;;;386;407;387;300;355;438;396;367;318;362;389;379;402;388;415;364;416;322;411;374;387;323;281;416;;1 507;1 446;386;793;1 180;1 479;355;793;1 188;1 556;318;679;1 068;1 447;402;790;1 205;1 569;416;738;1 149;1 524;387;711;992;1 408;;;;;;;;;;;;;;;;;;;
;;;Galvanized steel;kT;;;112;171;175;162;145;165;227;176;197;198;227;190;195;172;200;213;216;185;229;203;184;212;175;260;;588;648;112;283;458;620;145;310;537;713;197;394;621;811;195;368;567;780;216;400;629;833;184;396;571;831;;;;;;;;;;;;;;;;;;;
;;;Pre-painted steel;kT;;;91;119;138;112;75;102;133;96;87;101;128;111;89;100;117;113;97;96;129;82;81;96;69;117;;514;375;91;210;348;459;75;177;310;406;87;188;316;427;89;189;306;419;97;193;322;405;81;177;246;363;;;;;;;;;;;;;;;;;;;
;;;Dynamo steel;kT;;;58;73;79;75;82;87;62;68;72;77;79;53;61;68;75;50;72;62;66;68;65;62;55;60;;233;256;58;131;211;285;82;169;231;299;72;149;228;281;61;129;203;253;72;134;200;268;65;127;182;242;;;;;;;;;;;;;;;;;;;
;;;Transformer steel;kT;;;72;64;55;54;56;66;63;72;68;73;69;70;71;74;63;66;70;65;64;78;67;77;69;68;;258;277;72;136;191;245;56;122;186;258;68;141;210;280;71;145;208;274;70;135;199;277;67;144;214;282;;;;;;;;;;;;;;;;;;;
;;;;;;;;;;;;;;;;;;;;;;;;;;;;;;;;;;;;;;;;;;;;;;;;;;;;;;;;;;;;;;;;;;;;;;;;;;;;
;;INTERSEGMENTAL SALES;;kT;;;799;1 272;1 015;960;1 219;1 325;982;814;1 257;1 125;961;969;745;933;550;851;970;598;410;735;913;1 139;618;1 151;;4 102;3 875;799;2 070;3 085;4 046;1 219;2 544;3 526;4 340;1 257;2 383;3 344;4 313;745;1 678;2 228;3 079;970;1 568;1 978;2 713;913;2 052;2 670;3 821;;;;;;;;;;;;;;;;;;;
;;;;;;;;;;;;;;;;;;;;;;;;;;;;;;;;;;;;;;;;;;;;;;;;;;;;;;;;;;;;;;;;;;;;;;;;;;;;
;;;Pig iron;kT;;;15;10;-;45;1;1;2;2;2;4;3;3;-;-;-;-;-;-;-;-;2;1;3;2;;5;34;15;25;25;70;1;3;5;6;2;6;8;11;-;-;-;-;-;-;-;-;2;3;6;8;;;;;;;;;;;;;;;;;;;
;;;Slabs;kT;;;768;1 262;1 015;915;1 180;1 270;958;807;1 254;1 118;956;954;735;933;550;851;970;598;410;728;911;1 130;534;1 093;;4 070;3 829;768;2 029;3 044;3 960;1 180;2 450;3 408;4 214;1 254;2 372;3 328;4 282;735;1 668;2 218;3 069;970;1 568;1 978;2 706;911;2 041;2 575;3 668;;;;;;;;;;;;;;;;;;;
;;;Hot-rolled steel;kT;;;-;-;-;-;-;-;-;-;-;-;2;11;-;-;-;-;-;-;-;7;0;8;80;8;;27;-;-;-;-;-;-;-;-;-;-;-;2;13;-;-;-;-;-;-;-;7;0;8;88;96;;;;;;;;;;;;;;;;;;;
;;;Cold-rolled steel;kT;;;16;-;-;-;38;53;22;6;-;-;-;-;10;-;-;-;-;-;-;-;-;-;-;44;;-;12;16;16;16;16;38;91;113;119;-;-;-;-;10;10;10;10;-;-;-;-;-;-;-;44;;;;;;;;;;;;;;;;;;;
;;;Galvanized steel;kT;;;-;-;-;-;-;-;-;-;2;3;-;2;-;-;-;-;-;-;-;-;-;-;-;5;;-;12;-;-;-;-;-;-;-;-;2;5;5;7;-;-;-;-;-;-;-;-;-;-;-;5;;;;;;;;;;;;;;;;;;;
;;;;;;;;;;;;;;;;;;;;;;;;;;;;;;;;;;;;;;;;;;;;;;;;;;;;;;;;;;;;;;;;;;;;;;;;;;;;
;;SALES TO EXTERNAL CUSTOMERS;;kT;;;2 443;1 979;2 287;1 935;1 850;2 004;2 443;2 415;2 080;2 308;2 228;2 588;2 658;2 122;2 226;2 375;2 500;2 834;2 870;2 437;2 084;2 388;2 365;2 524;;8 157;9 154;2 443;4 422;6 709;8 645;1 850;3 854;6 296;8 711;2 080;4 388;6 616;9 203;2 658;4 780;7 006;9 381;2 500;5 334;8 204;10 641;2 084;4 472;6 837;9 361;;;;;;;;;;;;;;;;;;;
;;;;;;;;;;;;;;;;;;;;;;;;;;;;;;;;;;;;;;;;;;;;;;;;;;;;;;;;;;;;;;;;;;;;;;;;;;;;
;;;Pig iron;kT;;;135;84;105;41;54;57;176;141;258;201;142;295;47;156;54;253;292;368;389;437;30;133;245;200;;259;649;135;218;324;365;54;111;287;429;258;459;601;896;47;203;257;510;292;659;1 048;1 485;30;163;409;608;;;;;;;;;;;;;;;;;;;
;;;Slabs;kT;;;858;443;617;689;471;390;748;905;569;633;629;948;1 117;577;740;646;696;973;903;501;603;885;828;649;;2 419;3 005;858;1 301;1 918;2 607;471;861;1 609;2 514;569;1 201;1 830;2 778;1 117;1 693;2 433;3 080;696;1 668;2 572;3 073;603;1 488;2 316;2 965;;;;;;;;;;;;;;;;;;;
;;;Hot-rolled steel;kT;;;747;618;730;504;651;751;659;595;514;666;565;545;686;588;563;669;641;764;680;693;666;599;613;794;;2 379;2 510;747;1 365;2 095;2 599;651;1 402;2 061;2 656;514;1 181;1 746;2 291;686;1 274;1 837;2 506;641;1 405;2 085;2 778;666;1 265;1 879;2 673;;;;;;;;;;;;;;;;;;;
;;;Other metal products**;kT;;;;;;-;;;;-;;;;-;;;;-;-;-;-;-;-;-;29;7;;-;-;;;;-;-;-;-;-;-;-;-;-;;;;-;-;-;-;-;-;-;29;36;;;;;;;;;;;;;;;;;;;
;;;High value added products:;kT;;;703;835;834;701;674;806;859;773;739;807;893;800;808;802;869;806;871;730;898;806;784;771;649;873;;3 100;2 990;703;1 538;2 372;3 073;674;1 480;2 339;3 112;739;1 546;2 439;3 239;808;1 610;2 479;3 286;871;1 601;2 500;3 306;784;1 555;2 204;3 078;;;;;;;;;;;;;;;;;;;
;;;Cold-rolled steel;kT;;;370;407;387;300;317;385;374;361;318;362;389;379;392;388;415;364;416;322;411;374;387;323;281;373;;1 507;1 434;370;778;1 164;1 464;317;702;1 075;1 436;318;679;1 068;1 447;392;780;1 195;1 559;416;738;1 149;1 524;387;711;992;1 364;;;;;;;;;;;;;;;;;;;
;;;Galvanized steel;kT;;;112;171;175;162;145;165;227;176;195;194;227;188;195;172;200;213;216;185;229;203;184;212;175;255;;588;648;112;283;458;620;145;310;537;713;195;389;616;804;195;368;567;780;216;400;629;833;184;396;571;826;;;;;;;;;;;;;;;;;;;
;;;Pre-painted steel;kT;;;91;119;138;112;75;102;133;96;87;101;128;111;89;100;117;113;97;96;129;82;81;96;69;117;;514;375;91;210;348;459;75;177;310;406;87;188;316;427;89;189;306;419;97;193;322;405;81;177;246;363;;;;;;;;;;;;;;;;;;;
;;;Dynamo steel;kT;;;58;73;79;75;82;87;62;68;72;77;79;53;61;68;75;50;72;62;66;68;65;62;55;60;;233;256;58;131;211;285;82;169;231;299;72;149;228;281;61;129;203;253;72;134;200;268;65;127;182;242;;;;;;;;;;;;;;;;;;;
;;;Transformer steel;kT;;;72;64;55;54;56;66;63;72;68;73;69;70;71;74;63;66;70;65;64;78;67;77;69;68;;258;277;72;136;191;245;56;122;186;258;68;141;210;280;71;145;208;274;70;135;199;277;67;144;214;282;;;;;;;;;;;;;;;;;;;
;;;;;;;;;;;;;;;;;;;;;;;;;;;;;;;;;;;;;;;;;;;;;;;;;;;;;;;;;;;;;;;;;;;;;;;;;;;;
;;REVENUE PER TONNE FROM EXTERNAL CUSTOMERS *;;USD/t;;;380;503;549;564;632;660;606;671;707;710;707;635;611;680;666;567;550;488;496;581;766;953;1 024;933;;697;517;380;435;474;494;632;647;631;642;707;709;708;687;611;642;649;629;550;517;510;526;766;866;920;924;;;;;;;;;;;;;;;;;;;
;;;;;;;;;;;;;;;;;;;;;;;;;;;;;;;;;;;;;;;;;;;;;;;;;;;;;;;;;;;;;;;;;;;;;;;;;;;;
;;;Pig iron;USD/t;;;188;296;260;235;320;387;365;344;374;410;412;386;368;361;360;311;341;332;335;392;548;606;608;545;;396;269;188;229;239;239;320;354;361;355;374;390;395;392;368;362;362;337;341;336;336;352;548;595;603;584;;;;;;;;;;;;;;;;;;;
;;;Slabs;USD/t;;;278;365;420;404;446;484;467;539;562;569;572;514;475;524;485;429;446;385;387;453;542;709;844;727;;603;399;278;308;344;360;446;463;465;491;562;566;568;549;475;492;490;477;446;410;402;410;542;641;714;717;;;;;;;;;;;;;;;;;;;
;;;Hot-rolled steel;USD/t;;;289;377;447;461;528;487;498;576;611;622;587;553;528;568;568;506;509;433;436;515;697;928;918;812;;543;406;289;329;370;388;528;506;503;520;611;617;607;594;528;546;553;541;509;468;457;472;697;806;843;834;;;;;;;;;;;;;;;;;;;
;;;Other metal products**;USD/t;;;;;;;;;;;;;;;;;;;;;;;;;969;215;;;;;;;;;;;;;;;;;;;;;;;;;;969;825;;;;;;;;;;;;;;;;;;;
;;;High value added products;USD/t;;;539;605;655;658;722;719;713;772;806;822;813;794;745;777;757;699;646;658;643;702;898;1 151;1 300;1 128;;789;660;539;575;603;616;722;720;718;731;806;815;814;809;745;761;760;745;646;651;649;662;898;1 023;1 105;1 111;;;;;;;;;;;;;;;;;;;
;;;;;;;;;;;;;;;;;;;;;;;;;;;;;;;;;;;;;;;;;;;;;;;;;;;;;;;;;;;;;;;;;;;;;;;;;;;;
;;;* Revenue per tonne includes all transportation expenses;;;;;;;;;;;;;;;;;;;;;;;;;;;;;;;;;;;;;;;;;;;;;;;;;;;;;;;;;;;;;;;;;;;;;;;;;
;;;;;;;;;;;;;;;;;;;;;;;;;;;;;;;;;;;;;;;;;;;;;;;;;;;;;;;;;;;;;;;;;;;;;;;;;;;;
;PROFIT AND LOSS;;;;;;;;;;;;;;;;;;;;;;;;;;;;;;;;;;;;;;;;;;;;;;;;;;;;;;;;;;;;;;;;;;;;;;;;;;;
;;;;;;;;;;;;;;;;;;;;;;;;;;;;;;;;;;;;;;;;;;;;;;;;;;;;;;;;;;;;;;;;;;;;;;;;;;;;
;;REVENUE;;M'USD;;;1 139;1 394;1 627;1 427;1 714;1 957;1 932;2 056;2 169;2 297;2 125;2 152;1 976;1 923;1 741;1 687;1 788;1 624;1 600;1 776;2 117;3 189;2 991;3 272;;7 794;6 076;1 139;2 533;4 160;5 587;1 714;3 671;5 603;7 659;2 169;4 466;6 591;8 743;1 976;3 899;5 640;7 327;1 788;3 412;5 012;6 788;2 117;5 306;8 297;11 569;;;;;;;;;;;;;;;;;;;
;;;;;;;;;;;;;;;;;;;;;;;;;;;;;;;;;;;;;;;;;;;;;;;;;;;;;;;;;;;;;;;;;;;;;;;;;;;;
;;;Revenue from external cusomers;M'USD;;;929;995;1 256;1 092;1 170;1 323;1 481;1 621;1 471;1 638;1 576;1 642;1 624;1 444;1 482;1 347;1 376;1 384;1 425;1 415;1 596;2 275;2 422;2 355;;5 688;4 732;929;1 924;3 180;4 272;1 170;2 493;3 974;5 595;1 471;3 109;4 685;6 327;1 624;3 068;4 550;5 897;1 376;2 760;4 185;5 600;1 596;3 871;6 293;8 648;;;;;;;;;;;;;;;;;;;
;;;Pig iron;M'USD;;;25;25;27;10;17;22;64;49;97;82;59;114;17;56;19;79;99;122;130;171;16;81;149;109;;103;175;25;50;77;87;17;39;104;152;97;179;238;351;17;74;93;172;99;222;352;523;16;97;246;355;;;;;;;;;;;;;;;;;;;
;;;Slabs;M'USD;;;239;162;259;278;210;189;349;488;319;360;360;487;530;302;359;277;311;374;349;227;327;627;699;472;;1 458;1 199;239;401;660;938;210;399;748;1 235;319;679;1 039;1 526;530;832;1 191;1 469;311;685;1 034;1 261;327;954;1 653;2 125;;;;;;;;;;;;;;;;;;;
;;;Hot-rolled steel;M'USD;;;216;233;326;232;344;366;328;343;315;414;331;301;362;334;320;339;326;331;297;357;464;556;563;645;;1 291;1 019;216;449;775;1 007;344;710;1 038;1 381;315;729;1 060;1 361;362;696;1 016;1 355;326;657;954;1 311;464;1 021;1 584;2 229;;;;;;;;;;;;;;;;;;;
;;;Other metal products*;M'USD;;;;;;;;;;;;;;;;;;;;;;;;;28;1;;;;;;;;;;;;;;;;;;;;;;;;;;28;29;;;;;;;;;;;;;;;;;;;
;;;High value added products;M'USD;;;379;505;546;461;487;579;612;597;596;664;726;635;602;623;658;564;563;480;578;566;705;887;844;985;;2 447;1 974;379;884;1 431;1 892;487;1 066;1 678;2 275;596;1 260;1 985;2 620;602;1 225;1 883;2 447;563;1 043;1 621;2 187;705;1 591;2 435;3 420;;;;;;;;;;;;;;;;;;;
;;;Other revenue;M'USD;;;70;70;97;109;112;167;127;146;145;117;101;105;112;128;126;88;77;77;71;94;84;124;139;143;;389;366;70;140;237;346;112;279;406;552;145;262;363;469;112;241;367;455;77;153;224;318;84;208;347;489;;;;;;;;;;;;;;;;;;;
;;;Intersegmental revenue;M'USD;;;210;399;371;335;544;634;451;435;698;659;549;510;352;479;259;340;412;240;175;361;521;914;569;917;;2 106;1 344;210;609;980;1 315;544;1 178;1 629;2 064;698;1 357;1 906;2 416;352;831;1 090;1 430;412;652;827;1 188;521;1 435;2 004;2 921;;;;;;;;;;;;;;;;;;;
;;;;;;;;;;;;;;;;;;;;;;;;;;;;;;;;;;;;;;;;;;;;;;;;;;;;;;;;;;;;;;;;;;;;;;;;;;;;
;;COST OF SALES;;M'USD;;;802;938;1 016;969;1 206;1 452;1 328;1 333;1 464;1 515;1 326;1 367;1 382;1 328;1 237;1 292;1 296;1 169;1 143;1 167;1 190;1 608;1 618;2 078;;5 584;4 004;802;1 740;2 756;3 725;1 206;2 658;3 986;5 319;1 464;2 979;4 305;5 672;1 382;2 710;3 947;5 239;1 296;2 465;3 608;4 775;1 190;2 798;4 416;6 494;;;;;;;;;;;;;;;;;;;
;;;;;;;;;;;;;;;;;;;;;;;;;;;;;;;;;;;;;;;;;;;;;;;;;;;;;;;;;;;;;;;;;;;;;;;;;;;;
;;;Iron ore materials;M'USD;;;155;221;200;227;294;278;255;316;390;381;341;308;303;292;338;354;365;362;367;413;506;676;691;632;;1 342;821;155;376;575;803;294;572;827;1 143;390;771;1 112;1 420;303;595;933;1 287;365;727;1 094;1 507;506;1 182;1 873;2 505;;;;;;;;;;;;;;;;;;;
;;;Coke and coal;M'USD;;;173;218;230;303;448;405;369;415;466;425;397;403;388;342;293;277;276;245;197;192;223;284;348;604;;1 063;874;173;391;621;924;448;853;1 222;1 637;466;891;1 288;1 691;388;730;1 023;1 300;276;521;718;910;223;507;855;1 459;;;;;;;;;;;;;;;;;;;
;;;Scrap;M'USD;;;48;69;69;85;93;96;106;117;109;111;116;123;104;89;89;94;96;92;95;104;126;197;168;192;;379;256;48;118;187;271;93;189;295;412;109;220;336;459;104;193;282;376;96;188;283;387;126;323;491;683;;;;;;;;;;;;;;;;;;;
;;;Ferroalloys;M'USD;;;48;50;54;57;63;58;69;79;74;66;65;61;63;65;54;53;63;46;37;45;57;74;72;106;;299;265;48;98;152;209;63;121;190;269;74;140;205;266;63;128;182;235;63;109;146;191;57;131;203;309;;;;;;;;;;;;;;;;;;;
;;;Other raw materials;M'USD;;;76;104;95;93;106;126;101;126;137;73;83;85;82;91;85;77;81;73;76;71;79;86;74;79;;334;246;76;180;275;350;106;232;333;459;137;210;293;378;82;173;258;335;81;154;230;301;79;165;239;318;;;;;;;;;;;;;;;;;;;
;;;Electricity;M'USD;;;30;39;44;39;44;45;51;54;45;41;44;41;41;39;31;35;40;36;36;28;36;38;52;48;;276;160;30;70;114;152;44;89;140;194;45;86;130;171;41;80;111;146;40;76;112;140;36;74;126;174;;;;;;;;;;;;;;;;;;;
;;;Natural gas;M'USD;;;40;39;35;43;46;41;38;37;44;35;30;37;40;36;38;41;40;32;30;35;38;33;33;39;;293;190;40;79;114;157;46;87;125;162;44;79;109;146;40;76;114;155;40;72;102;137;38;71;104;143;;;;;;;;;;;;;;;;;;;
;;;Other energy resources;M'USD;;;7;5;5;6;8;6;5;7;9;6;6;8;9;5;5;7;7;5;5;6;6;4;5;8;;49;27;7;12;16;23;8;14;19;26;9;15;21;29;9;14;19;26;7;12;17;23;6;10;15;23;;;;;;;;;;;;;;;;;;;
;;;Personnel ;M'USD;;;77;93;90;88;101;106;113;97;108;112;102;86;107;111;105;108;113;98;93;107;104;101;97;99;;527;362;77;169;259;348;101;207;320;417;108;220;322;408;107;218;323;431;113;211;304;411;104;205;302;401;;;;;;;;;;;;;;;;;;;
;;;Other expenses and changes in inventories;M'USD;;;84;24;119;(49);(80);208;139;(19);(4);181;70;143;173;178;122;171;125;96;127;94;(64);24;(17);194;;496;470;84;108;227;195;(80);128;267;248;(4);177;247;390;173;351;473;644;125;221;348;442;(64);(40);(57);137;;;;;;;;;;;;;;;;;;;
;;;Depreciation;M'USD;;;63;78;75;78;83;85;83;102;85;84;73;72;73;79;77;75;89;85;80;72;79;91;95;77;;525;333;63;141;216;294;83;168;251;353;85;169;242;314;73;152;229;304;89;174;254;326;79;170;265;342;;;;;;;;;;;;;;;;;;;
;;;;;;;;;;;;;;;;;;;;;;;;;;;;;;;;;;;;;;;;;;;;;;;;;;;;;;;;;;;;;;;;;;;;;;;;;;;;
;;GROSS PROFIT;;M'USD;;;337;456;611;458;508;505;604;723;705;782;799;785;594;595;504;395;492;455;457;609;927;1 581;1 373;1 194;;2 210;2 072;337;793;1 404;1 862;508;1 013;1 617;2 340;705;1 487;2 286;3 071;594;1 189;1 693;2 088;492;947;1 404;2 013;927;2 508;3 881;5 075;;;;;;;;;;;;;;;;;;;
;;;;;;;;;;;;;;;;;;;;;;;;;;;;;;;;;;;;;;;;;;;;;;;;;;;;;;;;;;;;;;;;;;;;;;;;;;;;
;;OPERATING PROFIT;;M'USD;;;168;236;400;243;284;257;367;449;433;523;557;492;346;369;280;165;258;213;218;387;687;1 292;1 050;576;;878;1 199;168;404;804;1 047;284;541;908;1 357;433;956;1 513;2 005;346;715;995;1 160;258;471;689;1 076;687;1 979;3 029;3 605;;;;;;;;;;;;;;;;;;;
;;;;;;;;;;;;;;;;;;;;;;;;;;;;;;;;;;;;;;;;;;;;;;;;;;;;;;;;;;;;;;;;;;;;;;;;;;;;
;;EBITDA;;M'USD;;;232;310;476;326;368;346;453;555;523;612;636;568;424;455;363;248;355;303;306;466;772;1 393;1 154;662;;1 419;1 577;232;542;1 018;1 344;368;714;1 167;1 722;523;1 135;1 771;2 339;424;879;1 242;1 490;355;658;964;1 430;772;2 165;3 319;3 981;;;;;;;;;;;;;;;;;;;
;;;;;;;;;;;;;;;;;;;;;;;;;;;;;;;;;;;;;;;;;;;;;;;;;;;;;;;;;;;;;;;;;;;;;;;;;;;;
;;PROFIT FOR THE PERIOD;;M'USD;;;81;138;279;162;200;376;541;468;384;429;555;507;239;580;660;462;190;355;441;274;530;997;833;966;;1 337;1 285;81;219;498;660;200;576;1 117;1 585;384;813;1 368;1 875;239;819;1 479;1 941;2 500;2 500;986;1 260;530;1 527;2 360;3 326;;;;;;;;;;;;;;;;;;;
;;;;;;;;;;;;;;;;;;;;;;;;;;;;;;;;;;;;;;;;;;;;;;;;;;;;;;;;;;;;;;;;;;;;;;;;;;;;
;;* Depreciation and amortization;;M'USD;;;(64);(74);(76);(83);(84);(89);(86);(106);(90);(89);(79);(76);(78);(86);(83);(83);(97);(90);(88);(79);(85);(101);(104);(86);;(541);(378);(64);(138);(214);(297);(84);(173);(259);(365);(90);(179);(258);(334);(78);(164);(247);(330);(97);(187);(275);(354);(85);(186);(290);(376);;;;;;;;;;;;;;;;;;;
;;;;;;;;;;;;;;;;;;;;;;;;;;;;;;;;;;;;;;;;;;;;;;;;;;;;;;;;;;;;;;;;;;;;;;;;;;;;
;MULTIPLIES & OTHER INDICATORS;;;;;;;;;;;;;;;;;;;;;;;;;;;;;;;;;;;;;;;;;;;;;;;;;;;;;;;;;;;;;;;;;;;;;;;;;;;
;;;;;;;;;;;;;;;;;;;;;;;;;;;;;;;;;;;;;;;;;;;;;;;;;;;;;;;;;;;;;;;;;;;;;;;;;;;;
;;REVENUE / TONNE;;USD/t;;;351;429;493;493;558;588;564;637;650;669;666;605;581;629;627;523;515;473;488;560;706;904;1 003;890;;636;466;351;390;425;440;558;574;570;587;650;660;662;647;581;604;611;588;515;494;492;508;706;813;873;878;;;;;;;;;;;;;;;;;;;
;;;;;;;;;;;;;;;;;;;;;;;;;;;;;;;;;;;;;;;;;;;;;;;;;;;;;;;;;;;;;;;;;;;;;;;;;;;;
;;EBITDA / TONNE;;USD/t;;;72;95;144;113;120;104;132;172;157;178;199;160;125;149;131;77;102;88;93;147;258;395;387;180;;131;121;72;83;104;106;120;112;119;132;157;168;178;173;125;136;135;120;102;95;95;107;258;332;349;302;;;;;;;;;;;;;;;;;;;
;;;;;;;;;;;;;;;;;;;;;;;;;;;;;;;;;;;;;;;;;;;;;;;;;;;;;;;;;;;;;;;;;;;;;;;;;;;;
;;SLAB CASH COST;;USD/t;;;159;193;201;230;264;261;238;265;273;275;254;264;262;265;252;243;215;200;194;205;220;252;305;353;;276;205;159;176;184;195;264;263;254;250;273;274;267;266;262;263;260;256;215;200;194;208;220;238;252;282;;;;;;;;;;;;;;;;;;;
;;;;;;;;;;;;;;;;;;;;;;;;;;;;;;;;;;;;;;;;;;;;;;;;;;;;;;;;;;;;;;;;;;;;;;;;;;;;
;;CAPEX;;M'USD;;;n/a;n/a;n/a;n/a;n/a;n/a;n/a;n/a;n/a;n/a;n/a;n/a;n/a;n/a;n/a;n/a;n/a;n/a;n/a;n/a;n/a;n/a;n/a;n/a;;240;266;n/a;n/a;n/a;301;n/a;n/a;n/a;422;n/a;n/a;n/a;522;n/a;n/a;n/a;854;n/a;n/a;n/a;806;n/a;n/a;n/a;n/a;;;;;;;;;;;;;;;;;;;
;;;;;;;;;;;;;;;;;;;;;;;;;;;;;;;;;;;;;;;;;;;;;;;;;;;;;;;;;;;;;;;;;;;;;;;;;;;;
;;EBITDA MARGIN;;%;;;20%;22%;29%;23%;21%;18%;23%;27%;24%;27%;30%;26%;21%;24%;21%;15%;20%;19%;19%;26%;36%;44%;39%;20%;;18%;26%;20%;21%;24%;24%;21%;19%;21%;22%;24%;25%;27%;27%;21%;23%;22%;20%;20%;19%;19%;21%;36%;41%;40%;34%;;;;;;;;;;;;;;;;;;;
;;;;;;;;;;;;;;;;;;;;;;;;;;;;;;;;;;;;;;;;;;;;;;;;;;;;;;;;;;;;;;;;;;;;;;;;;;;;
;;**Sales of pipe products manufactured under the tolling scheme;;;;;;;;;;;;;;;;;;;;;;;;;;;;;;;;;;;;;;;;;;;;;;;;;;;;;;;-;;;;;;;;;;;;;;;;;;;
;;;;;;;;;;;;;;;;;;;;;;;;;;;;;;;;;;;;;;;;;;;;;;;;;;;;;;;;;-;;;;;;;;;;;;;;;;;;;
;;;;;;;;;;;;;;;;;;;;;;;;;;;;;;;;;;;;;;;;;;;;;;;;;;;;;;;;;-;;;;;;;;;;;;;;;;;;;
;;;;;;;;;;;;;;;;;;;;;;;;;;;;;;;;;;;;;;;;;;;;;;;;;;;;;;;;;ИСТИНА;;;;;;;;;;;;;;;;;;;
;;;;;;;;;;;;;;;;;;;;;;;;;;;;;;;;;;;;;;;;;;;;;;;;;;;;;;;;;;;;;;;;;;;;;;;;;;;;
;;;;;;;;;;;;;;;;;;;;;;;;;;;;;;;;;;;;;;;;;;;;;;;;;;;;;;;;;;;;;;;;;;;;;;;;;;;;
;;;;;;;;;;;;;;;;;;;;;;;;;;;;;;;;;;;;;;;;;;;;;;;;;;;;;;;;;;;;;;;;;;;;;;;;;;;;
;;;;;;;;;;;;;;;;;;;;;;;;;;;;;;;;;;;;;;;;;;;;;;;;;;;;;;;;;;;;;;;;;;;;;;;;;;;;
;;;;;;;;;;;;;;;;;;;;;;;;;;;;;;;;;;;;;;;;;;;;;;;;;;;;;;;;;;;;;;;;;;;;;;;;;;;;
;;;;;;;;;;;;;;;;;;;;;;;;;;;;;;;;;;;;;;;;;;;;;;;;;;;;;;;;;;;;;;;;;;;;;;;;;;;;
;;;;;;;;;;;;;;;;;;;;;;;;;;;;-;-;-;;;;;;;;;;;;;;;;;;;;;;;;;-;-;-;;;;;;;;;;;;;;;;;;;
;;;;;;;;;;;;;;;;;;;;;;;;;;;;;;;;;;;;;;;;;;;;;;;;;;;;;;;;;;;;;;;;;;;;;;;;;;;;
;;;;;;;;;;;;;;;;;;;;;;;; -     ; -     ;;;;;;;;;;;;;;;;;;;;;;;;;;;;;;;;;;;;;;;;;;;;;;;;;;;
;;;;;;;;;;;;;;;;;;;;;;;;77;71;;; -     ; -     ; -     ;;;;;;;;;;;;;;;;;;;;;;;;; -     ; -     ; -     ;;;;;;;;;;;;;;;;;;;
;;;;;;;;;;;;;;;;;;;;;;;;;;;;124;139;143;;;;;;;;;;;;;;;;;;;;;;;;;208;347;489;;;;;;;;;;;;;;;;;;;
;;;;;;;;;;;;;;;;;;;;;;;;;;;;;;;;;;;;;;;;;;;;;;;;;;;;;;;;;;;;;;;;;;;;;;;;;;;;
;;;;;;;;;;;;;;;;;;;;;;;;;;;;;;;;;;;;;;;;;;;;;;;;;;;;;;;;;;;;;;;;;;;;;;;;;;;;